{
  "type": "minecraft:entity",
  "pools": [
    {
      "bonus_rolls": 0.0,
      "entries": [
      	{
      		"type": "minecraft:item",
		"functioins":[
		{
			"add": false,
			"count": {
				"type": "minecraft:uniform",
				"min": 1.0,
				"max": 2.0
		},
		"function": "minecraft:set_count"
		},
		{
		"conditions": [
		{
			"condition": "minecraft:entity_properties",
			"entity": "this",
			"predicate": {
				"flags": {
					"is_on_fire": true
					}
				}
			}
		],
		"add": false,
		"count": 0.0,
		"function": "minecraft:set_count"
		}
		],
		"name": "minecraft:charcoal",
		"functions": [{
			"function": "minecraft:set_nbt",
			"tag": "{CustomModelData: 1}"
		},
    {
      "function": "minecraft:set_name",
      "name": {
        "text": "Tallow",
        "italic": "false"
      }
    }
		]
      	}
      	],
      	"rolls": 1.0
      	},
        {
        "bonus_rolls": 0.0,
        "entries":[
        {
          "type": "minecraft:item",
          "functions": [
            {
              "add": false,
              "count": {
                "type": "minecraft:uniform",
                "min": 1.0,
                "max": 4.0
              },
              "function": "minecraft:set_count"
            },
            {
              "conditions": [
                {
                  "condition": "minecraft:entity_properties",
                  "entity": "this",
                  "predicate": {
                    "flags": {
                      "is_on_fire": true
                    }
                  }
                }
              ],
              "function": "minecraft:furnace_smelt"
            },
            {
              "count": {
                "type": "minecraft:uniform",
                "max": 1.0,
                "min": 0.0
              },
              "function": "minecraft:looting_enchant"
            }
          ],
          "name": "minecraft:porkchop"
        }
      ],
      "rolls": 1.0
    }
  ],
  "random_sequence": "minecraft:entities/pig"
}
